team,opponent,matchup_key
Chennai Super Kings,Royal Challengers Bengaluru,Chennai Super Kings vs Royal Challengers Bengaluru
Chennai Super Kings,Delhi Capitals,Chennai Super Kings vs Delhi Capitals
Chennai Super Kings,Kolkata Knight Riders,Chennai Super Kings vs Kolkata Knight Riders
Chennai Super Kings,Mumbai Indians,Chennai Super Kings vs Mumbai Indians
Chennai Super Kings,Punjab Kings,Chennai Super Kings vs Punjab Kings
Chennai Super Kings,Rajasthan Royals,Chennai Super Kings vs Rajasthan Royals
Chennai Super Kings,Sunrisers Hyderabad,Chennai Super Kings vs Sunrisers Hyderabad
Chennai Super Kings,Deccan Chargers,Chennai Super Kings vs Deccan Chargers
Chennai Super Kings,Pune Warriors,Chennai Super Kings vs Pune Warriors
Chennai Super Kings,Gujarat Titans,Chennai Super Kings vs Gujarat Titans
Chennai Super Kings,Kochi Tuskers Kerala,Chennai Super Kings vs Kochi Tuskers Kerala
Chennai Super Kings,Lucknow Super Giants,Chennai Super Kings vs Lucknow Super Giants
Deccan Chargers,Royal Challengers Bengaluru,Deccan Chargers vs Royal Challengers Bengaluru
Deccan Chargers,Chennai Super Kings,Deccan Chargers vs Chennai Super Kings
Deccan Chargers,Delhi Capitals,Deccan Chargers vs Delhi Capitals
Deccan Chargers,Mumbai Indians,Deccan Chargers vs Mumbai Indians
Deccan Chargers,Pune Warriors,Deccan Chargers vs Pune Warriors
Deccan Chargers,Punjab Kings,Deccan Chargers vs Punjab Kings
Deccan Chargers,Kolkata Knight Riders,Deccan Chargers vs Kolkata Knight Riders
Deccan Chargers,Rajasthan Royals,Deccan Chargers vs Rajasthan Royals
Deccan Chargers,Kochi Tuskers Kerala,Deccan Chargers vs Kochi Tuskers Kerala
Delhi Capitals,Mumbai Indians,Delhi Capitals vs Mumbai Indians
Delhi Capitals,Punjab Kings,Delhi Capitals vs Punjab Kings
Delhi Capitals,Kolkata Knight Riders,Delhi Capitals vs Kolkata Knight Riders
Delhi Capitals,Rajasthan Royals,Delhi Capitals vs Rajasthan Royals
Delhi Capitals,Chennai Super Kings,Delhi Capitals vs Chennai Super Kings
Delhi Capitals,Royal Challengers Bengaluru,Delhi Capitals vs Royal Challengers Bengaluru
Delhi Capitals,Sunrisers Hyderabad,Delhi Capitals vs Sunrisers Hyderabad
Delhi Capitals,Deccan Chargers,Delhi Capitals vs Deccan Chargers
Delhi Capitals,Gujarat Lions,Delhi Capitals vs Gujarat Lions
Delhi Capitals,Gujarat Titans,Delhi Capitals vs Gujarat Titans
Delhi Capitals,Pune Warriors,Delhi Capitals vs Pune Warriors
Delhi Capitals,Lucknow Super Giants,Delhi Capitals vs Lucknow Super Giants
Delhi Capitals,Rising Pune Supergiants,Delhi Capitals vs Rising Pune Supergiants
Delhi Capitals,Kochi Tuskers Kerala,Delhi Capitals vs Kochi Tuskers Kerala
Gujarat Lions,Kolkata Knight Riders,Gujarat Lions vs Kolkata Knight Riders
Gujarat Lions,Rising Pune Supergiants,Gujarat Lions vs Rising Pune Supergiants
Gujarat Lions,Mumbai Indians,Gujarat Lions vs Mumbai Indians
Gujarat Lions,Punjab Kings,Gujarat Lions vs Punjab Kings
Gujarat Lions,Royal Challengers Bengaluru,Gujarat Lions vs Royal Challengers Bengaluru
Gujarat Lions,Delhi Capitals,Gujarat Lions vs Delhi Capitals
Gujarat Lions,Sunrisers Hyderabad,Gujarat Lions vs Sunrisers Hyderabad
Gujarat Titans,Rajasthan Royals,Gujarat Titans vs Rajasthan Royals
Gujarat Titans,Chennai Super Kings,Gujarat Titans vs Chennai Super Kings
Gujarat Titans,Lucknow Super Giants,Gujarat Titans vs Lucknow Super Giants
Gujarat Titans,Mumbai Indians,Gujarat Titans vs Mumbai Indians
Gujarat Titans,Punjab Kings,Gujarat Titans vs Punjab Kings
Gujarat Titans,Sunrisers Hyderabad,Gujarat Titans vs Sunrisers Hyderabad
Gujarat Titans,Delhi Capitals,Gujarat Titans vs Delhi Capitals
Gujarat Titans,Kolkata Knight Riders,Gujarat Titans vs Kolkata Knight Riders
Gujarat Titans,Royal Challengers Bengaluru,Gujarat Titans vs Royal Challengers Bengaluru
Kochi Tuskers Kerala,Kolkata Knight Riders,Kochi Tuskers Kerala vs Kolkata Knight Riders
Kochi Tuskers Kerala,Chennai Super Kings,Kochi Tuskers Kerala vs Chennai Super Kings
Kochi Tuskers Kerala,Delhi Capitals,Kochi Tuskers Kerala vs Delhi Capitals
Kochi Tuskers Kerala,Mumbai Indians,Kochi Tuskers Kerala vs Mumbai Indians
Kochi Tuskers Kerala,Rajasthan Royals,Kochi Tuskers Kerala vs Rajasthan Royals
Kochi Tuskers Kerala,Deccan Chargers,Kochi Tuskers Kerala vs Deccan Chargers
Kochi Tuskers Kerala,Pune Warriors,Kochi Tuskers Kerala vs Pune Warriors
Kochi Tuskers Kerala,Punjab Kings,Kochi Tuskers Kerala vs Punjab Kings
Kochi Tuskers Kerala,Royal Challengers Bengaluru,Kochi Tuskers Kerala vs Royal Challengers Bengaluru
Kolkata Knight Riders,Punjab Kings,Kolkata Knight Riders vs Punjab Kings
Kolkata Knight Riders,Royal Challengers Bengaluru,Kolkata Knight Riders vs Royal Challengers Bengaluru
Kolkata Knight Riders,Sunrisers Hyderabad,Kolkata Knight Riders vs Sunrisers Hyderabad
Kolkata Knight Riders,Delhi Capitals,Kolkata Knight Riders vs Delhi Capitals
Kolkata Knight Riders,Rajasthan Royals,Kolkata Knight Riders vs Rajasthan Royals
Kolkata Knight Riders,Mumbai Indians,Kolkata Knight Riders vs Mumbai Indians
Kolkata Knight Riders,Chennai Super Kings,Kolkata Knight Riders vs Chennai Super Kings
Kolkata Knight Riders,Deccan Chargers,Kolkata Knight Riders vs Deccan Chargers
Kolkata Knight Riders,Pune Warriors,Kolkata Knight Riders vs Pune Warriors
Kolkata Knight Riders,Rising Pune Supergiants,Kolkata Knight Riders vs Rising Pune Supergiants
Kolkata Knight Riders,Lucknow Super Giants,Kolkata Knight Riders vs Lucknow Super Giants
Kolkata Knight Riders,Gujarat Lions,Kolkata Knight Riders vs Gujarat Lions
Kolkata Knight Riders,Gujarat Titans,Kolkata Knight Riders vs Gujarat Titans
Kolkata Knight Riders,Kochi Tuskers Kerala,Kolkata Knight Riders vs Kochi Tuskers Kerala
Lucknow Super Giants,Mumbai Indians,Lucknow Super Giants vs Mumbai Indians
Lucknow Super Giants,Chennai Super Kings,Lucknow Super Giants vs Chennai Super Kings
Lucknow Super Giants,Delhi Capitals,Lucknow Super Giants vs Delhi Capitals
Lucknow Super Giants,Kolkata Knight Riders,Lucknow Super Giants vs Kolkata Knight Riders
Lucknow Super Giants,Punjab Kings,Lucknow Super Giants vs Punjab Kings
Lucknow Super Giants,Sunrisers Hyderabad,Lucknow Super Giants vs Sunrisers Hyderabad
Lucknow Super Giants,Royal Challengers Bengaluru,Lucknow Super Giants vs Royal Challengers Bengaluru
Lucknow Super Giants,Gujarat Titans,Lucknow Super Giants vs Gujarat Titans
Lucknow Super Giants,Rajasthan Royals,Lucknow Super Giants vs Rajasthan Royals
Mumbai Indians,Kolkata Knight Riders,Mumbai Indians vs Kolkata Knight Riders
Mumbai Indians,Chennai Super Kings,Mumbai Indians vs Chennai Super Kings
Mumbai Indians,Delhi Capitals,Mumbai Indians vs Delhi Capitals
Mumbai Indians,Royal Challengers Bengaluru,Mumbai Indians vs Royal Challengers Bengaluru
Mumbai Indians,Punjab Kings,Mumbai Indians vs Punjab Kings
Mumbai Indians,Rajasthan Royals,Mumbai Indians vs Rajasthan Royals
Mumbai Indians,Sunrisers Hyderabad,Mumbai Indians vs Sunrisers Hyderabad
Mumbai Indians,Deccan Chargers,Mumbai Indians vs Deccan Chargers
Mumbai Indians,Pune Warriors,Mumbai Indians vs Pune Warriors
Mumbai Indians,Gujarat Lions,Mumbai Indians vs Gujarat Lions
Mumbai Indians,Gujarat Titans,Mumbai Indians vs Gujarat Titans
Mumbai Indians,Rising Pune Supergiants,Mumbai Indians vs Rising Pune Supergiants
Mumbai Indians,Lucknow Super Giants,Mumbai Indians vs Lucknow Super Giants
Mumbai Indians,Kochi Tuskers Kerala,Mumbai Indians vs Kochi Tuskers Kerala
Pune Warriors,Punjab Kings,Pune Warriors vs Punjab Kings
Pune Warriors,Chennai Super Kings,Pune Warriors vs Chennai Super Kings
Pune Warriors,Delhi Capitals,Pune Warriors vs Delhi Capitals
Pune Warriors,Deccan Chargers,Pune Warriors vs Deccan Chargers
Pune Warriors,Kochi Tuskers Kerala,Pune Warriors vs Kochi Tuskers Kerala
Pune Warriors,Kolkata Knight Riders,Pune Warriors vs Kolkata Knight Riders
Pune Warriors,Mumbai Indians,Pune Warriors vs Mumbai Indians
Pune Warriors,Rajasthan Royals,Pune Warriors vs Rajasthan Royals
Pune Warriors,Royal Challengers Bengaluru,Pune Warriors vs Royal Challengers Bengaluru
Pune Warriors,Sunrisers Hyderabad,Pune Warriors vs Sunrisers Hyderabad
Punjab Kings,Delhi Capitals,Punjab Kings vs Delhi Capitals
Punjab Kings,Royal Challengers Bengaluru,Punjab Kings vs Royal Challengers Bengaluru
Punjab Kings,Mumbai Indians,Punjab Kings vs Mumbai Indians
Punjab Kings,Chennai Super Kings,Punjab Kings vs Chennai Super Kings
Punjab Kings,Kolkata Knight Riders,Punjab Kings vs Kolkata Knight Riders
Punjab Kings,Rajasthan Royals,Punjab Kings vs Rajasthan Royals
Punjab Kings,Deccan Chargers,Punjab Kings vs Deccan Chargers
Punjab Kings,Sunrisers Hyderabad,Punjab Kings vs Sunrisers Hyderabad
Punjab Kings,Pune Warriors,Punjab Kings vs Pune Warriors
Punjab Kings,Gujarat Lions,Punjab Kings vs Gujarat Lions
Punjab Kings,Gujarat Titans,Punjab Kings vs Gujarat Titans
Punjab Kings,Rising Pune Supergiants,Punjab Kings vs Rising Pune Supergiants
Punjab Kings,Kochi Tuskers Kerala,Punjab Kings vs Kochi Tuskers Kerala
Punjab Kings,Lucknow Super Giants,Punjab Kings vs Lucknow Super Giants
Rajasthan Royals,Punjab Kings,Rajasthan Royals vs Punjab Kings
Rajasthan Royals,Delhi Capitals,Rajasthan Royals vs Delhi Capitals
Rajasthan Royals,Kolkata Knight Riders,Rajasthan Royals vs Kolkata Knight Riders
Rajasthan Royals,Mumbai Indians,Rajasthan Royals vs Mumbai Indians
Rajasthan Royals,Royal Challengers Bengaluru,Rajasthan Royals vs Royal Challengers Bengaluru
Rajasthan Royals,Chennai Super Kings,Rajasthan Royals vs Chennai Super Kings
Rajasthan Royals,Sunrisers Hyderabad,Rajasthan Royals vs Sunrisers Hyderabad
Rajasthan Royals,Deccan Chargers,Rajasthan Royals vs Deccan Chargers
Rajasthan Royals,Lucknow Super Giants,Rajasthan Royals vs Lucknow Super Giants
Rajasthan Royals,Pune Warriors,Rajasthan Royals vs Pune Warriors
Rajasthan Royals,Gujarat Titans,Rajasthan Royals vs Gujarat Titans
Rajasthan Royals,Kochi Tuskers Kerala,Rajasthan Royals vs Kochi Tuskers Kerala
Rising Pune Supergiants,Mumbai Indians,Rising Pune Supergiants vs Mumbai Indians
Rising Pune Supergiants,Sunrisers Hyderabad,Rising Pune Supergiants vs Sunrisers Hyderabad
Rising Pune Supergiants,Delhi Capitals,Rising Pune Supergiants vs Delhi Capitals
Rising Pune Supergiants,Punjab Kings,Rising Pune Supergiants vs Punjab Kings
Rising Pune Supergiants,Royal Challengers Bengaluru,Rising Pune Supergiants vs Royal Challengers Bengaluru
Rising Pune Supergiants,Gujarat Lions,Rising Pune Supergiants vs Gujarat Lions
Rising Pune Supergiants,Kolkata Knight Riders,Rising Pune Supergiants vs Kolkata Knight Riders
Royal Challengers Bengaluru,Delhi Capitals,Royal Challengers Bengaluru vs Delhi Capitals
Royal Challengers Bengaluru,Punjab Kings,Royal Challengers Bengaluru vs Punjab Kings
Royal Challengers Bengaluru,Rajasthan Royals,Royal Challengers Bengaluru vs Rajasthan Royals
Royal Challengers Bengaluru,Kolkata Knight Riders,Royal Challengers Bengaluru vs Kolkata Knight Riders
Royal Challengers Bengaluru,Mumbai Indians,Royal Challengers Bengaluru vs Mumbai Indians
Royal Challengers Bengaluru,Chennai Super Kings,Royal Challengers Bengaluru vs Chennai Super Kings
Royal Challengers Bengaluru,Sunrisers Hyderabad,Royal Challengers Bengaluru vs Sunrisers Hyderabad
Royal Challengers Bengaluru,Deccan Chargers,Royal Challengers Bengaluru vs Deccan Chargers
Royal Challengers Bengaluru,Pune Warriors,Royal Challengers Bengaluru vs Pune Warriors
Royal Challengers Bengaluru,Gujarat Lions,Royal Challengers Bengaluru vs Gujarat Lions
Royal Challengers Bengaluru,Gujarat Titans,Royal Challengers Bengaluru vs Gujarat Titans
Royal Challengers Bengaluru,Lucknow Super Giants,Royal Challengers Bengaluru vs Lucknow Super Giants
Royal Challengers Bengaluru,Kochi Tuskers Kerala,Royal Challengers Bengaluru vs Kochi Tuskers Kerala
Royal Challengers Bengaluru,Rising Pune Supergiants,Royal Challengers Bengaluru vs Rising Pune Supergiants
Sunrisers Hyderabad,Punjab Kings,Sunrisers Hyderabad vs Punjab Kings
Sunrisers Hyderabad,Delhi Capitals,Sunrisers Hyderabad vs Delhi Capitals
Sunrisers Hyderabad,Royal Challengers Bengaluru,Sunrisers Hyderabad vs Royal Challengers Bengaluru
Sunrisers Hyderabad,Rajasthan Royals,Sunrisers Hyderabad vs Rajasthan Royals
Sunrisers Hyderabad,Mumbai Indians,Sunrisers Hyderabad vs Mumbai Indians
Sunrisers Hyderabad,Kolkata Knight Riders,Sunrisers Hyderabad vs Kolkata Knight Riders
Sunrisers Hyderabad,Chennai Super Kings,Sunrisers Hyderabad vs Chennai Super Kings
Sunrisers Hyderabad,Gujarat Lions,Sunrisers Hyderabad vs Gujarat Lions
Sunrisers Hyderabad,Pune Warriors,Sunrisers Hyderabad vs Pune Warriors
Sunrisers Hyderabad,Gujarat Titans,Sunrisers Hyderabad vs Gujarat Titans
Sunrisers Hyderabad,Lucknow Super Giants,Sunrisers Hyderabad vs Lucknow Super Giants
Sunrisers Hyderabad,Rising Pune Supergiants,Sunrisers Hyderabad vs Rising Pune Supergiants
